sample_id	sex	auto_snps	x_snps	auto_het	x_het	auto_lrr_mean	x_lrr_mean	auto_c1	auto_c2	auto_c3	x_c1	x_c2	x_c3	x_minus_auto_c1
305387	F	650452	28024	0.0000	0.0000	-0.0000	-0.0015	0.0000	0.7367	0.2633	0.8790	0.0000	0.1210	0.8790
351218	F	650452	28024	0.0000	0.0000	-0.0001	-0.0007	0.7845	0.2155	0.0000	0.7683	0.0000	0.2317	-0.0161
371396	F	650452	28024	0.0000	0.0000	0.0003	-0.0025	0.6813	0.0000	0.3187	0.0000	0.2107	0.7893	-0.6813
515084	F	650452	28024	0.0000	0.0000	0.0003	-0.0001	0.8923	0.0000	0.1077	0.0000	0.0000	1.0000	-0.8923
525943	F	650452	28024	0.0000	0.0000	0.0007	-0.0015	0.0000	0.1602	0.8398	0.0000	1.0000	0.0000	0.0000
807622	M	650452	28024	0.0000	0.0000	-0.0001	-0.0004	0.7325	0.2675	0.0000	0.0000	0.5055	0.4945	-0.7325
817803	M	650452	28024	0.0000	0.0000	-0.0007	-0.0009	0.0000	0.4217	0.5783	0.7879	0.0181	0.1940	0.7879
821425	M	650452	28024	0.0000	0.0000	-0.0005	-0.0008	0.9415	0.0000	0.0585	0.8315	0.0726	0.0959	-0.1099
838338	M	650452	28024	0.0000	0.0000	-0.0005	0.0013	0.0170	0.0000	0.9830	0.4306	0.2767	0.2927	0.4136
959836	M	650452	28024	0.0000	0.0000	-0.0010	-0.0017	0.7635	0.2365	0.0000	0.9378	0.0416	0.0207	0.1743
